Locale ISO 639-1 code	Endodymn	English equivalent
ar	العربية	Arabic
bg	Български	Bulgarian
bh	भोजपुरी	Bhojpuri
bn	বাংলা	Bengali
cs	Čeština	Czech
cy	Cymraeg	Welsh
da	Dansk	Danish
de	Deutsch	German
el	Ελληνικά	Greek
en	English	English
es	Español	Spanish
et	Eesti	Estonian
eu	Euskara	Basque
fa	فارسی	Persian
fi	Suomi	Finnish
fr	Français	French
ga	Gaeilge	Irish
gu	ગુજરાતી	Gujarati
ha	Harshen Hausa	Hausa
hi	हिन्दी	Hindi
hr	Hrvatski	Croatian
hu	Magyar	Hungarian
id	Bahasa Indonesia | Indonesian
it	Italiano	Italian
ja	日本語	Japanese
jv	Basa Jawa	Javanese
ko	한국어	Korean
lt	Lietuvių	Lithuanian
lv	Latviešu	Latvian
mr	मराठी	Marathi
mt	Malti	Maltese
nl	Nederlands	Dutch
pa	ਪੰਜਾਬੀ	Punjabi
pl	Polski	Polish
pt	Português	Portuguese
ro	Română	Romanian
ru	Русский	Russian
sk	Slovenčina	Slovak
sl	Slovenščina	Slovenian
sv	Svenska	Swedish
ta	தமிழ்	Tamil
te	తెలుగు	Telugu
tr	Türkçe	Turkish
ur	اردو	Urdu
vi	Tiếng Việt	Vietnamese
zh	普通话	Chinese
